period,expected_loss_rate,expected_freq
2015,14158.264714776313,1.4526539264685245
2016,14291.35240309521,1.4236008479391542
2017,14425.691115684302,1.395128830980371
2018,14561.292612171737,1.3672262543607636
2019,14698.16876272615,1.3398817292735483
2020,14836.331549095776,1.3130840946880773
2021,14975.793065657273,1.2868224127943155
2022,15116.565520474454,1.2610859645384294
2023,15258.66123636691,1.2358642452476607
2024,15402.09265198876,1.2111469603427074
